,label,score,text
0,anger,0.6996089816093445,Shake e Sunday aguados. Horr√≠vel. N√£o recomendo.
1,joy,0.7262011766433716,Credo!
2,anger,0.6782335042953491,"Desorganizado, pedido veio errado"
3,anger,0.6436164379119873,Atendimento p√©ssimo
4,anger,0.8276362419128418,"Todos atendentes de mal humor e sem educa√ß√£o, na vontade de trabalhar.

Comprei um combo ap√≥s pagar me avisa que o sabor que quero n√£o tem, lament√°vel"
5,anger,0.7719621062278748,"Prestem aten√ß√£o no ROUBO que eles fazem comprando no cart√£o. Comprei 2 Milk Shake valor de 24,00 e no d√©bito me cobraram 30,00. Bando de safados üò°"
6,anger,0.8386945724487305,"Terr√≠vel ! Vou comprar uma promo√ß√£o, n√£o tem o sandu√≠che. Vou pagar no cart√£o, o sistema est√° com pane. Vou pagar em dinheiro, n√£o tem troco e ainda oferecem mais molho ! MINHA NOSSA ! Que despreparo de uma rede t√£o grande !"
7,anger,0.6964049339294434,"N√£o est√£o preparados para crescer, observem que a fila super cheia e o balc√£o super vazio, quando comprei meu lanche disse pro operador que queria uma batata tamb√©m o mesmo me disse que n√£o tinha como eu comprar a batata n√£o pois teria que levar um combo no dobro do valor do meu pedido, fiquei sei entender nada e comprei minha batata em outro local. Atendimento lento e confuso."
8,anger,0.5020657181739807,Bom
9,anger,0.8293048143386841,O pre√ßo de um Shopping pro outro √© muito diferente.... Ontem comprei no Goi√¢nia Shopping uma batata grande e um ovomaltine m√©dio por R$21... aqui no passeio das √°guas o mesmo pedido ficou R$29... absurdo a diferen√ßa.
10,anger,0.7603735327720642,Olha nunca esperei tanto por um hamb√∫rguer... meu conselho √© quem estiver com fome v√° no McDonald's...
11,anger,0.5639932155609131,Hamb√∫rguer ruim.
12,anger,0.8232426643371582,"Sempre comprei nesse estabelecimento por achar o milk shake o melhor. Hoje comprei, al√©m da atendente com cara feia, o milk shake veio AGUADO, SEM GOSTO, NEM MISTUROU DIREITO. Quando minha m√£e reclamou a G E R E N T E foi super mal educada, dizendo que mesmo que fizessem outro, sairia do mesmo jeito, MESMO eu dizendo que compro sempre la e que nunca veio ruim assim. Perderam uma cliente."
13,anger,0.772014319896698,"N√£o vale nada, pessimo sanduiches, n√£o vale nem uma estrela"
14,anger,0.7943361401557922,"Comprei um sandu√≠che, mas n√£o consegui pegar porque os atendentes do caixa , Sara e o garoto do milk shake falaram que n√£o podiam pegar o pedido que eu deveria aguardar , sendo que o pedido estava pronto. N√£o compro mais no Bobs"
15,anger,0.36563682556152344,N√£o gosto
16,anger,0.7023066878318787,"Para comer sandu√≠che n√£o d√°. Tente outra franquia. Sandu√≠che pequeno e bem sem gra√ßa. Optei pelo Refil do Refri, que pra completar veio sem g√°s."
17,anger,0.7443166375160217,Ja foi um dia
18,anger,0.38877108693122864,Sandu√≠ches e batata ruins. Milkshake bom.
19,anger,0.6711878180503845,J√° foi bom
20,anger,0.570162296295166,Milk shake muito bom!
21,anger,0.6243040561676025,Bom atendimento.
22,anger,0.9248116612434387,O sorvete √© bom.
23,anger,0.5020657181739807,Bom
24,anger,0.6360002756118774,"N√£o gostei do atendimento.
Meu sandu√≠che veio meio cr√∫ e a atendente n√£o gostou muito qndo pedi pra trocar..
Milkshake muito bom"
25,anger,0.9088655114173889,N√£o gostei muito perde para os concorrentes
26,anger,0.504132866859436,"Local super acess√≠vel financeiro, mas o milkshake de ovomaltine deixa a desejar"
27,anger,0.7635301351547241,√â Bobs como qualquer outro mesma qualidade e mesmo atendimento...
28,anger,0.7654078006744385,"Atendentes de mau humor e sem vontade de trabalhar, 3 vezes pedi um hamb√∫rguer e veio outro mesmo explicando qual eu queria"
29,anger,0.5020657181739807,Bom
30,anger,0.5925412774085999,Opini√£o minha: caro
31,anger,0.5481792092323303,"Eh... Prefiro o BK, mas Bob's √© bom tamb√©m"
32,anger,0.37566691637039185,√ìtimo milk shake
33,anger,0.7077173590660095,Sandu√≠ches muito grandes e caros.
34,anger,0.7850525975227356,N√£o e muito bom
35,anger,0.6684419512748718,"Lanches caros e n√£o √© t√£o gostoso, sem contar a demora."
36,anger,0.7955950498580933,Atende as espectativas.
37,anger,0.5925597548484802,Bom mesmo e s√≥ o ovomaltine
38,anger,0.700053334236145,"Bom atendimento, sorvete gostoso..."
39,joy,0.4779375493526459,"Boas promo√ß√µes, preparo r√°pido e com qualidade."
40,anger,0.6816434860229492,Muito bom
41,anger,0.6371154189109802,Os atendentes s√£o bem atenciosos e educados. O milk shake √© muito bom
42,anger,0.7855556011199951,Lanchei....
43,anger,0.780190646648407,Nao fui no bobs mas √© um √≥timo lugar. Recomendo
44,anger,0.7132124304771423,Muito bom esse Bob's experimentem o mil shake de Nutella com morango tem o gosto parecido com Nesquik
45,joy,0.46857672929763794,Perfeito para um lanche r√°pido !
46,anger,0.47243255376815796,Boa
47,joy,0.41191473603248596,Bom milk shake.
48,anger,0.7426683902740479,"Excelente sandu√≠che, com pre√ßo acess√≠vel"
49,anger,0.6662225723266602,Bom atendimento
50,anger,0.6662225723266602,Bom atendimento
51,anger,0.5926563143730164,Shakes do Bob's. Cada dia uma novidade
52,anger,0.746684730052948,Bom atendimento e sorvete.
53,anger,0.7432245016098022,"Excelente milkshake.
Atendimento r√°pido e agrad√°vel.
Falta op√ß√µes de bebida."
54,anger,0.6185147166252136,Ovomaltine top.
55,anger,0.6794432997703552,Amo o bob's!!  E suas promo√ß√µes...
56,anger,0.7955669164657593,O militar shake e muito bom!
57,anger,0.6557767391204834,"Para um fast food √© bem completo, mas devido a cozinha industrial os alimentos s√£o fracos de sabor"
58,anger,0.4483998417854309,√ìtimo Ovomaltine! Atendimento bem r√°pido!
59,anger,0.4342838227748871,Top
60,anger,0.5352962017059326,Bons produtos
61,anger,0.5020657181739807,Bom
62,anger,0.5754363536834717,Ovomaltine Top!
63,fear,0.466652512550354,"""Bonzim"""
64,anger,0.4342838227748871,Top
65,fear,0.41657570004463196,√ìtimo
66,anger,0.7414502501487732,Gosto da comida de l√°
67,anger,0.6644633412361145,Melhor milk shake de fest food
68,anger,0.3669340908527374,Caro
69,fear,0.4423171281814575,Bac
70,fear,0.41657570004463196,√ìtimo
71,anger,0.47845861315727234,Milk imbat√≠vel
72,anger,0.7792280912399292,Hamb√∫rgueres poderiam ser melhores.
73,anger,0.4342838227748871,Top
74,anger,0.8520760536193848,Gosto do atendimento do box que √© muito completo
75,anger,0.6052792072296143,Nunca comi tanto
76,anger,0.7467455267906189,O melhor milkshake do mundo
77,anger,0.5359363555908203,Lanches maravilhosossss
78,anger,0.6477249264717102,Comida top
79,anger,0.49582409858703613,Amo milkshake
80,anger,0.5528224110603333,"Ligar√° agrad√°vel, bom atendimento e boa alimenta√ß√£o.  Amo."
81,anger,0.5020657181739807,Bom
82,anger,0.47243255376815796,Boa
83,anger,0.5882101655006409,Bom.
84,anger,0.620170533657074,"Sandu√≠ches gostosos, bom atendimento, √≥timas promo√ß√µes!"
85,anger,0.49074721336364746,melhor milk shake
86,anger,0.5020657181739807,Bom
87,anger,0.8654008507728577,Bom atendimento. Sandu√≠ches gourmet muito saborosos
88,anger,0.8667422533035278,Sorvete sempre muito delicioso
89,fear,0.46010294556617737,√ìtima
90,fear,0.41657570004463196,Otimo
91,anger,0.7312451601028442,Lanches com qualidade e pre√ßo baixo
92,fear,0.35697123408317566,üëèüëèüëè
93,fear,0.41657570004463196,Otimo
94,sadness,0.4289654791355133,Topp
95,anger,0.6383194923400879,Excelente promo√ß√£o no site do bobs f√£
96,anger,0.832943320274353,"Uma del√≠cia, tudo muito gostoso e limpo."
97,anger,0.5583891868591309,"Sandu√≠che muito gostoso, mas tem 3 dias que o do passeio das √°guas  n√£o abre no Uber Eats! Assim v√£o perdendo os clientes!"
98,anger,0.7168710231781006,Muito bom os sandu√≠ches e em pre√ßo acess√≠vel
99,joy,0.6255754232406616,Amo o milkshake com Nutella !
100,anger,0.5324000120162964,Muito bom!
101,anger,0.6816434860229492,Muito bom
102,anger,0.7281929850578308,N√£o visitei este lugar
103,anger,0.5645411014556885,Milk shake de morando top
104,anger,0.5886942148208618,"O Bob's √© aquela coisa ne, o sandu√≠che √© ok e o milkshake √© delicioso, ovomaltine e morango s√£o os favoritos."
105,anger,0.6217671632766724,Venha lanchar...venha bobs
106,fear,0.41657570004463196,√ìtimo
107,anger,0.621076226234436,Excelente atendimento !!üëèüèºüëèüèºüëèüèº
108,anger,0.45384880900382996,√ìtima!!!
109,fear,0.4779737889766693,Melhor batata üòãüòãüòãüòã
110,love,0.5212706923484802,Adorei.
111,anger,0.7970300912857056,Amo bobs sempre que posso visito o bobs unidade passeio das √°guas shopping um excelente momento com a fam√≠lia
112,anger,0.8237183690071106,Sempre muito bom
113,fear,0.35697123408317566,üòçüòçüòç
114,anger,0.6629794836044312,A comida √© uma del√≠cia
115,anger,0.5920754075050354,Pe√ßam pelo Uber eats. Sua entrega chega muito r√°pido.
116,joy,0.48843327164649963,O melhor fast food da gal√°xia!
117,anger,0.6842138767242432,#maravilhoso
118,anger,0.5020657181739807,Bom
119,anger,0.712641716003418,Gosto muito
120,anger,0.6816434860229492,Muito bom
121,anger,0.47243255376815796,Boa
122,joy,0.351603627204895,√ìtima!
123,anger,0.6555746793746948,Amo milkshake de l√°
124,fear,0.41657570004463196,√ìtimo
125,anger,0.8116803169250488,O Melhor sorvete üëè
126,anger,0.6626456379890442,Cada dia uma novidade nos shakes
127,anger,0.5020657181739807,Bom
128,anger,0.6526261568069458,Excelente milkshake
129,fear,0.41657570004463196,√ìtimo
130,anger,0.8639515042304993,Gosto muito da comida
131,anger,0.724682092666626,O melhor milk shaike
132,anger,0.39438506960868835,√ìtima combina√ß√£o de burguer e milk shake.
133,anger,0.6428254842758179,Grande variedade de hamburgers refrigerante sempre bem gelado batatas fritas na hora atendimento rapido. Recomendo
134,anger,0.3981010913848877,"Produtos de Qualidade, sempre bem feitos. Recomendo; fico chateado por n√£o haver a disponibilidade de um card√°pio f√≠sico, mas todos os produtos sem bons."
135,fear,0.41657570004463196,√ìtimo
136,anger,0.6816434860229492,Muito bom
137,anger,0.6257094144821167,Melhor milkshake
138,fear,0.41657570004463196,√ìtimo
139,anger,0.6816434860229492,Muito bom
140,anger,0.7171443104743958,Bom atendimento e sempre tem promo√ß√£o e √© bem rapido sai o pedido
141,anger,0.6550819277763367,Ambiente bacana e card√°pio variado com pre√ßo acess√≠veis.
142,anger,0.5925765633583069,Uma del√≠cia
143,anger,0.4933446943759918,√ìtimo lanche e r√°pido
144,anger,0.744350790977478,"Horr√≠vel, dinheiro jogado fora"
145,anger,0.7733797430992126,O atendimento n√£o √© atencioso ao cliente. A espera pelo produto √© demasiada e quando reclamamos o atendente n√£o pede nem perd√£o pela demora. Insistimos mais de uma vez e o padr√£o se repetiu. N√£o compro mais.
146,anger,0.7322198152542114,P√©ssimo atendimento e a entrega demora 1h30.mm
147,anger,0.7653499245643616,A√ßa√≠ de muito boa qualidade
148,anger,0.5631336569786072,Ultil
149,anger,0.7171317934989929,Adoro adora
150,anger,0.836695671081543,"S√≥ estou dando uma estrela pq n√£o tem como dar 0. Essa subway do shopping √© uma nega√ß√£o. Atendimento p√©ssimo e nunca querem vender na promo√ß√£o, dizem que n√£o tem mais quando em todas as lojas ainda tem a promo√ß√£o. Para qu√™ abrem uma franquia se n√£o querem seguir as normas da empresa?"
151,anger,0.9075458645820618,P√©ssima funcion√°ria me agrediu verbalmente fui pedir o meu lanche n√£o maior educa√ß√£o pelo q estava posto na Mike l√≠ne ela me agrediu falando q n√£o tinha e n√£o era obriga a me atender fui muito humilhada s√≥ n√£o chameis √≥rg√£os ao meu favor pelo o hor√°rio mais p√©ssimos funcion√°rios sinceramente pedir toda vontade de comer algo do Subway
152,anger,0.7572389245033264,Pior atendimento que eu j√° vi.
153,anger,0.6581176519393921,Orivel as funcion√°rias s√£o sem educa√ß√£o
154,anger,0.7994397282600403,"Sandu√≠che de p√©ssima qualidade,  funcion√°rios bons"
155,anger,0.6294766664505005,N√£o gostei
156,anger,0.5404040217399597,Gostoso
157,anger,0.6111549735069275,Bom gostoso e barato
158,anger,0.7538749575614929,"Muito bem atendida,mas n√£o gostei muito do sandu√≠che,frioü§≠ü§≠"
159,anger,0.8590842485427856,Razo√°vel porque o atendimento do Subway do Portal sul n√£o √© dos melhores
160,anger,0.6816434860229492,Muito bom
161,anger,0.6816434860229492,muito bom
162,anger,0.5020657181739807,Bom
163,anger,0.8592880368232727,J√° fui.
164,anger,0.47243255376815796,Boa
165,anger,0.8599158525466919,Amooooooo as garotas atende muito bem faz tudo com muito amor e copetencia üòçüòçüòçüòç
166,anger,0.629321813583374,Otimo...üòçüå∏sempre como eu gosto
167,anger,0.5561604499816895,"S√≥ comprei uma coca, ent√£o foi tranquilo, das vezes que comprei comida l√° tamb√©m foi tranquilo o atendimento."
168,anger,0.4368221163749695,"Eu simplesmente amo os lanches, r√°pido e pr√°tico e saud√°vel."
169,anger,0.837571382522583,Um dos melhores!
170,anger,0.8119458556175232,"Horr√≠vel, j√° √© a segunda vez que compro um sandu√≠che pra comer em casa , o sandu√≠che est√° azedo que chega amarga a boca , creio que s√£o produtos velhos que fica exposto l√° a muito tempo ü§¢"
171,anger,0.6018535494804382,Local est√° fechado
172,anger,0.8036282658576965,"Estava com placa de (aberto) cheguei l√° e fiquei por quase 20 minutos esperando e chamando, como ningu√©m apareceu fui embora."
173,anger,0.8418191075325012,"Atendimento p√©ssimo (filial do setor Guanabara). Fui almo√ßar com a minha amiga, chegamos l√° a atendente, que n√£o estava fazendo nada, demorou a nos atender e ainda fez de mal grado. Sem contar que um amigo nosso, que chegou depois, teve um atendimento pior ainda."
174,anger,0.8567309975624084,Muito fraco refrigerante veio pura √Ågua nunca mais
175,anger,0.9370750784873962,"Total falta de respeito hj 28/03/21 as 17:40 com minha filha e meu esposo . Compraram 4 sandu√≠ches qdo abrimos em casa s√≥ tinha carne alface e tomate dentro, ele voltou pra reclamar e pegar o dinheiro de volta disseram q n√£o devolveria, a atendente Jascileia puxou a sacola da m√£o dele com muita brutalidade falando q n√£o ia devolver, minha filha reclamou da falta de respeito dela, ela mandou minha filha calar a boca. Nunca fomos t√£o humilhados e mau tratados em um estabelecimento assim. N√£o quer trabalhar da o lugar pra quem quer, pq nessa fase que estamos vivendo muitos precisam de um emprego. N√£o recomendo esse lugar."
176,anger,0.854226291179657,"P√âSSIMO ATENDIMENTO, FUNCION√ÅRIA SEM EDUCA√á√ÉO.
NUNCA FUI T√ÉO MAL ATENDIDA."
177,anger,0.6436164379119873,Atendimento pessimo
178,anger,0.4918143153190613,P√©ssimo atendimento dos atendentes.
179,anger,0.7497152090072632,P√©ssimos em atendimentos a gente √© muito grossa e sem educada
180,anger,0.6538962125778198,Demora no atendimento
181,anger,0.671166181564331,Fala que fecha as 23hrs e as 22hrs j√° n√£o deixa mais entrar
182,anger,0.875777006149292,"N√£o abre no hor√°rio em que est√° dizendo no an√∫ncio, e sim, bem mais tarde."
183,anger,0.7526161074638367,J√° foi melhor
184,anger,0.8529175519943237,"P√©ssimo atendimento, acabei de sair da loja, e a sensa√ß√£o de ter sido mal tratada √© imensa. As atendentes nos trataram de forma indelicada e foram completamente desrespeitosas. Uma falta de educa√ß√£o sem tamanho."
185,anger,0.807295024394989,O atendimento √© muito lento
186,anger,0.737808108329773,Ar condicionado estava estragado
187,anger,0.850021481513977,To esperando meu dinheiro ate hj sim  eu  to esperando. sim nao chegar na minha conta eu vou ai e fa√ßo um baraco
188,anger,0.6687529683113098,J√° foi melhor os valores dos lanches
189,anger,0.7302478551864624,"Atendimento p√©ssimo, o lugar √© bom mas n√£o gostei"
190,anger,0.6233019232749939,"Horr√≠vel, mal atendimento"
191,anger,0.8336563110351562,Atendimento p√©ssimo n√£o tinha promo√ß√£o
192,anger,0.5776242613792419,Atendentes mt mal educadas
193,anger,0.8476596474647522,"Atendimento p√©ssimo. N√£o volto a√≠. Fui no dia 29/09/20, a atendente foi super grossa e sem educa√ß√£o, nem queria nos atender dizendo que ja estava fechando, sendo que ainda faltava 25 minutos, uma outra atendendo a interrompeu e nos atendeu. Depois a sem educa√ß√£o passou perto da gente e falou alto que ja estava tarde. Ainda sa√≠mos 5 minutos antes do hor√°rio que o estabelecimento fecha."
194,anger,0.8138592839241028,"pior entrega que ja vi na minha vida, sempre que pe√ßo eles cancelam o pedido.
P√âSSIMO"
195,anger,0.8292238712310791,Nada interessante! Atendimento a desejar.
196,anger,0.9009124040603638,"Tive infec√ß√£o alimentar do dia da promo√ß√£o  06/06/2019. Ao entrar em contato com a empresa me informaram que eu deveria ter feito exame para saber qual bact√©ria causou a intoxica√ß√£o para comprovar que foi este estabelecimento. Nunca mais como na Subway, traumas e falta de respeito  com o consumidor."
197,anger,0.7089566588401794,"P√©ssimo atendimento! Merecia estrela nenhuma. Umas atendentes mal educadas, n√£o respondem direito as d√∫vidas. Nunca tem troco, sem contar a demora. N√£o recomendo e as franquias deveriam avaliar pra quem entregam, eu mesmo nunca mais piso l√°, e pelo o que vi n√£o sou s√≥ eu. Irei atr√°s da central para estender o p√©ssimo servi√ßo da franquia Guanabara."
198,anger,0.6436164379119873,Atendimento p√©ssimo
199,anger,0.7836148738861084,"Nao fui atendido. Eu deveria espera 20 minutos por as atendentes estavam dando prioridade aos delivery. Ai pergunto. Pq abrir as portas, se atende so delivery?"
200,anger,0.6611634492874146,"P√©ssimo atendimento.
O p√£o estava super duro, n√£o tinha op√ß√µes."
201,anger,0.6029626131057739,Falta produtos
202,anger,0.7551112174987793,P√©ssima o o frango parecendo que estava estragado o funcion√°rio  muito ruim de atendimento n√£o voltaria no mesmo muito mal mesmo atendido
203,anger,0.829790472984314,Lugar demora muito  atender!!!!
204,anger,0.5020657181739807,Bom
205,anger,0.7370297312736511,"Atendimento prec√°rio, n√£o tinha os adicionais, n√£o tem copo."
206,anger,0.7813066840171814,"Atendentes sem nenhuma motiva√ß√£o. Ao adentrar o estabelecimento, n√£o cumprimentam, nem olham na cara da gente para atender. Diante dessa m√° disposi√ß√£o eu fui embora com minha fam√≠lia."
207,anger,0.6436164379119873,Atendimento p√©ssimo
208,anger,0.7960019707679749,"Uma atendente t√£o mal educada, mas t√£o mas educada, que perdi a fome"
209,anger,0.8755414485931396,"Ambiente muito quente ü•µ, e ainda oferecem comida fresca ?? N√£o entende o sentido , ser√° que tem risco local fechado desses , com ar condicionado desligado j√° e a terceira vez que isso acontece, tem algo errado vigil√¢ncia sanit√°ria t√° certo ??

Ningu√©m come no local um ou outro, suporta um calor desses ...."
210,anger,0.7911708354949951,P√©ssimo n√£o tem variedades de p√£o n√£o tem molho muito demorado o atendimento
211,anger,0.6488266587257385,P√©ssimo atendimento... P√©ssima aten√ß√£o ao cliente.
212,anger,0.7756586670875549,Muita Demora no atendimento
213,anger,0.8905222415924072,Um atendimento muito ruim pelo o rapaz que estava no caixa tamb√©m n√£o queria dar o cupom fiscal eu falei para que era direito do consumidor ia chamar a pol√≠cia ele entregou para min
214,anger,0.6294766664505005,N√£o gostei
215,anger,0.8404448628425598,"Tem que prestar mais aten√ß√£o na higiene e comportamento das funcion√°rias de la.
Hoje a funcion√°ria estava limpando o local e durante a limpeza ela colocou o balde com a √°gua que ela estava lavando o pano de ch√£o, em cima da mesa e de acordo com o que ela ia limpando o ch√£o ia colocando aquele balde de mesa em mesa e por √∫ltimo colocou ao lado do recipiente de refrigerantes, depois a outra mo√ßa que atendia os clientes fazendo os sanduiches a chamou para ajud√°-la, ela largou o balde em cima da mesa, o rodo no meio do caminho e foi ajudar a colega atender na parte dos sandu√≠ches, depois voltou para a limpeza. Que absurdo, n√£o volto nunca mais ali..."
216,anger,0.7842352986335754,"O atendimento chega ser rid√≠culo, te tratam com muita indiferen√ßa"
217,anger,0.7583476901054382,"Atendimento de p√©ssima Qualidade, higiene dos funcion√°rios nota 0, Banheiro sujo, essa foi a terceira e √∫ltima vez que vou no local, sempre falta algum ingrediente."
218,anger,0.7699668407440186,Atendimento mais ou menos...com poucas variedades de p√£es e queijos na verdade s√≥ tinha uma √∫nica opcao...al√©m do fato de se economizar colocando poucas quantidades na hora que est√° sendo feito comparado a outras unidades da regi√£o do Subway...limpeza do local deixa a desejar....J√° foi melhor...
219,anger,0.591725766658783,"Atendimento p√©ssimo, atendentes super sem educa√ß√£o. Eu fui pedir explica√ß√£o para uma atendente, ela simplesmente virou as costas e me deixou falando sozinho. Pra ter um atendimento horr√≠vel assim pode fechar."
220,anger,0.8489966988563538,"Reformado recentemente, estrura √≥tima, mas o atendimento caiu, comprando um SubVeg, me cobraram o ceddar veg como adicional, uma vergonha :("
221,anger,0.5777575373649597,"nunca vi saladas tao pequenas e pouca coisa na SALADA , simplismente nao colocam"
222,anger,0.7768703699111938,Achei paia est√£o racionando molho agora que palha√ßa!üò°
223,anger,0.7642876505851746,"Bom o sandu√≠che √© , por√©m muitas das carnes estavam em falta ."
224,anger,0.6575793027877808,Muita demora na fila.
225,anger,0.7038423418998718,Atendimento fraco
226,anger,0.7413710951805115,N√£o gostei e a minha fam√≠lia disse o mesmo. Tem dor de colocar os molhos. Precisei de um copo descart√°vel e n√£o quis me fornecer. E o mais pr√≥ximo da minha resid√™ncia e vou em outros mais longes.
227,anger,0.3892914950847626,Delicia
228,anger,0.8668342232704163,O mesmo de sempre.
229,anger,0.6993916034698486,Atendimento ruim no feriado
230,anger,0.7049444317817688,Faltou qualidade no pruduto
231,joy,0.627004086971283,Muito mas muito caro tudo l√° e as promo√ß√µes s√£o mais ou menos!
232,anger,0.4804989993572235,"lanche bom, por√©m a atendente parecia que n√£o estava ligando para mim, mal educada."
233,anger,0.8197934627532959,Folhas e demais legumes velhos... J√° n√£o √© bom como antigamente.
234,anger,0.7695452570915222,"O restaurante √© um subway com pre√ßos tabelados por isso uma ilha de sanidade em meio ao pre√ßos do aeroporto, no entanto j√° fui lesado como consumidor diversa..."
235,anger,0.7167463302612305,Pre√ßos absolutamente caro.. refrigerante em lata 350ml por 7.50..
236,anger,0.5020657181739807,Bom
237,anger,0.6158955693244934,"Sem novidades. √â o subway, um bom lanche r√°pido."
238,anger,0.707752525806427,"Ok!
Sem mais coment√°rios."
239,anger,0.5958697199821472,"Muito bom, lugar espa√ßoso, ideal pra levar a fam√≠lia e amigos pra bater papo enquanto saboreia um sandu√≠che com os molhos nota 10."
240,anger,0.7131350040435791,Nada a declarar
241,anger,0.8783268332481384,"Os sandu√≠ches em si s√£o bom por√©m quando vou l√° a noite sempre tem um Senhor que √© vigia e quando a gente n√£o d√° dinheiro pra ele, ele amea√ßa fica falando desaforo e sem contar que um dia eu disse que n√£o precisava olhar meu carro e ele pegou a faca e ficou andando l√° fora esperando eu sair, fiquei morrendo de medo tinham que arrumar um jeito de tira l√≥ de l√°, porque espanta cliente."
242,anger,0.5454714298248291,Mais do mesmo subway.
243,anger,0.5580315589904785,Muito caro
244,joy,0.9092403650283813,"Local bom arejado, atendimento legal!"
245,anger,0.9274845719337463,"Divide suas atendentes em extremos uma excepcional e outra horrenda!
Atendimentos diferentes ,por√©m a mo√ßa educada e atenciosa ganha em disparada"
246,anger,0.6924996376037598,"lugar bom, atendimento razo√°vel."
247,anger,0.7341182827949524,Pode melhorar no tempo de atendimento
248,anger,0.4489668905735016,Atendente antip√°tica
249,anger,0.6876477003097534,"O estabelecimento e √≥timo, por√©m atendimento p√©ssimo üëé"
250,anger,0.5020657181739807,Bom
251,anger,0.6771765947341919,Atende tava meio perdido n√£o sabe informar as promo√ß√µes
252,anger,0.5020657181739807,Bom
253,anger,0.7267139554023743,Poderiam caprichar um pouquinho mais no molho.
254,anger,0.7934581637382507,Razo√°vel...sem op√ß√µes livre de gl√∫ten
255,anger,0.8579736351966858,"Olha todas as atendentes sempre me trataram bem,por√©m uma em especial me tratou super mal,fiz um pedido de um combo do dia mais o refrigerante e a ignorante n√£o entendeu,ok relevei,por√©m ela me ofendeu me chamando de sonsa,isso com certeza afetou a Vontade de voltar ao estabelecimento"
256,anger,0.5967264175415039,Ambiente limpo e organizado entendimento pode melhorar.
257,anger,0.6271491050720215,"A subway em si, diminuiu a qualidade e aumentou os pre√ßos."
258,anger,0.8800732493400574,"No dia em que fui o ar condicionado n√£o estava funcionando, loja extremamente quente"
259,anger,0.6616997718811035,Atendimento lento pakss
260,anger,0.4348754286766052,"Boas instala√ß√µes, sandu√≠che bem feito"
261,anger,0.746708869934082,Alimenta√ß√£o saud√°vel
262,anger,0.8133195638656616,Estava sem ar condicionado. Alta temperatura.
263,anger,0.7526161074638367,J√° foi melhor
264,anger,0.7636784315109253,"Estavam faltando molhos comuns como maionese e barbecue, foi necess√°rio solicitar limpeza na mesa para que pud√©ssemos nos acomodar"
265,anger,0.5020657181739807,Bom
266,anger,0.43193933367729187,Sem op√ß√£o gl√∫ten free
267,anger,0.5638502836227417,Nom
268,anger,0.6878317594528198,Todas vezes falta algum sandu√≠che
269,anger,0.7851961255073547,"Bom atendimento toda qualidade da rede Subway, com um amplo estacionamento."
270,anger,0.769795298576355,O banheiro √â ruim. Arcondionado estava desligado
271,anger,0.7977988123893738,"Tem local melhor, regra muito as verduras"
272,anger,0.7063171863555908,Mais ou menos
273,anger,0.9212300777435303,Est√° fechado desde mar√ßo. n√£o vai abrir mais ?
274,anger,0.6469333171844482,J√° foi bom....
275,anger,0.7420446872711182,√ìtimo local. Subway dispensa apresenta√ß√µes n√©? Adoro.
276,anger,0.7845078110694885,Gostei muito bem saboroso
277,anger,0.6641349792480469,Boa estrutura
278,anger,0.8882788419723511,Muito bom pra quem est√° na noroeste querendo um bom lanche
279,anger,0.7016893029212952,O atendimento poderia ser melhor
280,anger,0.608898937702179,Lanche bom
281,anger,0.6180384159088135,Boa localiza√ß√£o
282,anger,0.5020657181739807,Bom
283,fear,0.41657570004463196,√ìtimo
284,anger,0.44691014289855957,Bom lugar tranquilo.
285,anger,0.6261669397354126,Experi√™ncia boa
286,anger,0.5020657181739807,Bom
287,anger,0.487529993057251,Porque sim
288,anger,0.6097668409347534,Estava em Goi√¢nia √≥timo atendimento.
289,joy,0.7712594270706177,"A diferen√ßa entre as lojas da franquia √© o capricho da m√£o do atendente, e aqui, o sandu√≠che sai num padr√£o bem legal."
290,anger,0.7408155202865601,Muito saboroso o sandu√≠che
291,anger,0.7538629174232483,Bom atendimento mas precisa de mais funcion√°rios
292,anger,0.5395581126213074,"Sempre lan√ßamos l√°, as atendentes poderiam ser mais r√°pidas!"
293,anger,0.6816434860229492,Muito bom
294,anger,0.733657717704773,Muito aconchegante o ambiente
295,anger,0.8351450562477112,Bom atendimento. As promo√ß√µes j√° foram melhores.
296,anger,0.560611367225647,Legal
297,anger,0.5020657181739807,Bom
298,anger,0.3823951482772827,√ìtimo lanche!
299,anger,0.8422032594680786,A melhor da regiao
300,anger,0.9027613997459412,Tinga q ter mais op√ß√µes
301,anger,0.7130146026611328,Atendimento bom. Segue o padr√£o da franquia
302,anger,0.3626364469528198,"AMBIENTE OK,"
303,anger,0.6235525608062744,"otima comida
atendimento demorado"
304,anger,0.8499649167060852,"Atendente do dia 07/09/22 as 15:00 muito educada e prestativa, a √∫nica coisa que tenho a declarar que ela estava trabalhando sozinha e as mesas estavam sujas pela falta de tempo. Alface um pouco velho e o p√£o seco, mas os outros condimentos estavam perfeitos"
305,anger,0.6638992428779602,Muito bom.
306,anger,0.5730395913124084,√ìtimo atendimento...
307,anger,0.5020657181739807,Bom
308,anger,0.6720983982086182,Muito gostoso
309,anger,0.5020657181739807,Bom
310,anger,0.5742483735084534,Atendente mal educada
311,anger,0.635035514831543,Eu amo os Sandu√≠ches da Subway. E √© bom ter uma loja bem pr√≥xima para poder sair com os amigos.
312,anger,0.6527001857757568,√ìtimo lanche muito bom
313,anger,0.8190170526504517,"Bom lugar para comer r√°pido... Mas as vagas de estacionamento do Subway s√£o controladas (com cone) por um flanelinha, ou seja, tem dar dinheiro pra ele (se tiver s√≥ com cart√£o, n√£o para...)"
314,anger,0.7487506866455078,Local limpo e com bom atendimento. Tem estacionamento na cal√ßada do pr√≥prio estabelecimento.
315,anger,0.5882101655006409,Bom.
316,anger,0.5020657181739807,Bom
317,anger,0.7840007543563843,"Boa loja Subway. A √∫nica, segundo minha experi√™ncia, que mant√©m fechada a bancada de alimentos quando n√£o em uso. Bom atendimento!"
318,anger,0.5187638998031616,Bom lugar
319,anger,0.6478222012519836,Uma √≥tima op√ß√£o fast food da nossa regi√£o
320,anger,0.6816434860229492,Muito bom
321,anger,0.4247470796108246,Gostei
322,fear,0.41657570004463196,√ìtimo
323,anger,0.47243255376815796,Boa
324,anger,0.6372486352920532,Bons lanches
325,anger,0.8470122814178467,Local sempre organizado com bom atendimento e de muito bom gosto
326,anger,0.6657809615135193,"Unica lanchonete de rede na regi√£o, local agrad√°vel e com atendimento, funciona s√≥ at√© as 23:hs"
327,love,0.8301497101783752,"Atendimento essencial, nada de extraordin√°rio, porem bem feito."
328,anger,0.4247470796108246,Gostei
329,anger,0.7107865214347839,Quase perfeito!
330,anger,0.803584098815918,"Gostei, bem higienizado. Pena que n√£o tem p√£o sem gl√∫ten"
331,joy,0.4892417788505554,Uma del√≠ciaaaaaaa!
332,anger,0.6447692513465881,Atendimento bom
333,anger,0.6612658500671387,Muito bom ...
334,anger,0.8955526947975159,Teve uma demora no atendimento mais mesmo assim valeu a pena muito boa a comida
335,anger,0.8609874248504639,"Loja aconchegante! Bem montada, s√≥ um ponto negativo, apesar de ser o √∫nico na loja levei 15min para retirar meu pedido montado e pago, acho que poderia ter sido um pouco mais r√°pido. Obrigado."
336,anger,0.6290158629417419,"Lugar ideal pra fazer uma boquinha, grandes variedades de quitandas, atendimento r√°pido, lugar limpo."
337,anger,0.5020657181739807,Bom
338,anger,0.5020657181739807,Bom
339,anger,0.7457646727561951,Sempre compro muito bom
340,anger,0.6459013223648071,"Comida boa , mas o banheiro ruim."
341,anger,0.80970698595047,"Muito bom,  embiente muito gostoso e excelente atendimento! üëç"
342,anger,0.7131539583206177,Atendimento mais ou menos
343,anger,0.6344907283782959,Muito bom os lanches
344,anger,0.7304869294166565,√ìtimo! S√≥ precisa de mais funcion√°rios. Uma pessoa s√≥ pra preparar os lanches e realizar o atendimento no caixa √© insuficiente e acaba sendo longo o tempo de espera.
345,anger,0.5257728695869446,Subway √© subway em qualquer lugar. Padranizado.
346,anger,0.5696417689323425,"Padr√£o da franquia, local limpo e vazio."
347,anger,0.48009803891181946,Pr√≥ximo de minha casa.
348,anger,0.566444993019104,√≥timos da sandu√≠ches
349,anger,0.5187638998031616,Bom lugar
350,anger,0.5984147787094116,"Atendimento √≥timo,super atenciosos."
351,anger,0.6816434860229492,Muito bom
352,anger,0.8100210428237915,Sanduiche bem montado- bom atendimento e confort√°vel- tem estacionamento
353,anger,0.5302191376686096,"Tranquilo, vazio, atendimento r√°pido, estacionamento."
354,anger,0.6496706604957581,Excelente diversidade e qualidade. Poder montar o sandu√≠che √© muito boa op√ß√£o.
355,anger,0.5463495254516602,"√ìtimo atendimento,  pre√ßos moderados"
356,anger,0.8008647561073303,Saboros√≠ssimos sandu√≠ches.
357,anger,0.7388254404067993,Muito bom o atendimento
358,anger,0.6662225723266602,bom atendimento
359,anger,0.6705620884895325,Pras op√ß√µes
360,anger,0.8539330363273621,"Local com agilidade, raramente tem filas enormes. O servi√ßo, entretanto, deixa a desejar pelo fato das atendentes n√£o atenderem exatamente ao pedido do cliente, elas limitam a quantidade de molho a 2, √∫nico lugar que j√° vi isso acontecer. Particularmente, gosto de muito molho, sem isso prefiro outro lugar. Ao sair tenha paci√™ncia para com os flanelinhas, s√£o r√≠spidos se voc√™ n√£o cede a chantagem por dinheiro."
361,anger,0.7262065410614014,Adoro todo dia √© dia de subway
362,anger,0.8285427689552307,Semprecmuito bom
363,anger,0.764651358127594,"Muito aconchegante, e bem limpo o local."
364,fear,0.4262632727622986,√ìtimo Lugar Boes Sandu√≠ches
365,anger,0.7697846293449402,Melhor de Goi√¢nia
366,anger,0.6816434860229492,Muito bom
367,anger,0.6816434860229492,Muito bom
368,fear,0.41657570004463196,Otimo
369,anger,0.49233654141426086,√ìtimo atendimento
370,anger,0.862093448638916,"√ìtimo lugar pra encontrar os amigos , fui muito bem atendido , recomendo !!"
371,joy,0.5356314182281494,Top!!
372,anger,0.9043922424316406,Acolhedor
373,anger,0.5255319476127625,√ìtimo atendimento!
374,anger,0.6638992428779602,Muito bom.
375,anger,0.5521668195724487,Agrad√°vel
376,anger,0.8114298582077026,"Lanche √© maravilhoso, atendimento 10, o que falta e so um ambiente mais organizado."
377,anger,0.8003332614898682,Sou cliente de carteirinha
378,anger,0.778843343257904,"Ameiii.. √â tudo maravilhoso, tudo gostoso, pre√ßos √≥timos. . Al√©m de ser viciante üòÉüòÜ"
379,anger,0.49233654141426086,√ìtimo atendimento
380,fear,0.41657570004463196,Otimo
381,anger,0.6961923837661743,Amei tudo por l√°
382,anger,0.5844017267227173,Pre√ßo bom
383,anger,0.7586287260055542,"Muito bom, sandu√≠ches ma√≠s leve."
384,anger,0.4666283130645752,Otima! Chris e Renato os melhores atendentes!‚ù§Ô∏è
385,love,0.7588393688201904,Amo um SubWay e adorei este local como adoro os outros.
386,anger,0.7599964737892151,Exelente lugar
387,anger,0.6559997200965881,O favorito do Dyllan!!
388,fear,0.35697123408317566,üòãüòã
389,anger,0.6829027533531189,"Muito bom, r√°pido atendimento"
390,anger,0.7057927846908569,Adorooo
391,anger,0.8952302932739258,"Muito bem atendido, lanche delicioso"
392,anger,0.5867979526519775,"Lugar tranquilo, ambiente √≥timo e o lanche top"
393,anger,0.5452473163604736,Atendimento r√°pido e facilidade de acesso.
394,joy,0.419585257768631,F√£ visitei
395,anger,0.5020657181739807,Bom
396,anger,0.4342838227748871,Top
397,anger,0.4342838227748871,Top
398,anger,0.6816434860229492,Muito bom
399,anger,0.5020657181739807,Bom
400,fear,0.41657570004463196,√ìtimo
401,anger,0.6273025274276733,Adoro
402,anger,0.4149233102798462,Atendente Renato foi eficiente üëèüèªüëèüèª
403,anger,0.7087504863739014,√ìtimo lugar pra ir com a fam√≠lia.
404,anger,0.8291952013969421,"A maior extens√£o do Brasil, poderia ter em outras regi√µes do territ√≥rio, s√≥ que nossos governantes n√£o pensam na popula√ß√£o"
405,anger,0.556522786617279,Lugar tranquilo
406,anger,0.5812110900878906,"Ambiente tranquilo, e um bom atendimento."
407,anger,0.5013394355773926,Muito bom e r√°pido o preparo
408,anger,0.859403669834137,"Essa loja capricha nos molhos, al√©m do atendimento ser MUITO ACIMA da m√©dia dos Subways, parece que o pessoal se dedica mesmo para agradar o cliente, alem do asseio excepcional da loja."
409,anger,0.5788306593894958,√ìtimo subway bom atendimento
410,anger,0.5360133051872253,Top √≥timo atendimento local bem organizado e limpo.
411,anger,0.6186240911483765,Muito bom üëç
412,anger,0.6545233130455017,Muito bem igienizado √≥timo atendimento
413,anger,0.7760602831840515,Muito recomend√°vel. Sandu√≠che muito saboroso e a um pre√ßo correto para a qualidade e tamanho
414,anger,0.6130285859107971,Adoroo
415,anger,0.8245126605033875,Loja limpa e organizada. Possui estacionamento e acesso a cadeirantes. Bom atendimento.
416,anger,0.6816434860229492,Muito bom
417,anger,0.4586787521839142,Bacana
418,anger,0.43061232566833496,Otimos sanduiches.üòãüòãüòã
419,anger,0.6531505584716797,"Sempre tranquilo, somente acho que deveria ter op√ß√µes de desconto ou aceitar o beblue pelo menos. Sandubas com pre√ßos que n√£o condizem com a condi√ß√£o social do pais."
420,anger,0.6816434860229492,Muito bom
421,anger,0.7266871929168701,Excelente lugar
422,anger,0.7644705772399902,Melhor Subway
423,anger,0.8325071930885315,Maravilhosa o atendimento e perfeito
424,anger,0.5404040217399597,Gostoso
425,anger,0.6697101593017578,Tudo de bom
426,anger,0.4342838227748871,Top
427,fear,0.41657570004463196,√ìtimo
428,anger,0.6422304511070251,Muito bom os sandu√≠ches oferecidos
429,anger,0.594024658203125,Muito bom √≥timo comida.
430,anger,0.6816434860229492,Muito bom
431,joy,0.6554961800575256,√ìtima localiza√ß√£o!
432,anger,0.5940443277359009,R√°pido e gostoso
433,anger,0.4945395886898041,Bom e barato
434,joy,0.4554172456264496,Lanche r√°pido √© aqui!
435,anger,0.8360391855239868,Baratissimo volta com todos sabores mais baratos
436,anger,0.7393553256988525,"Lanches saborosos e quentinho, atendentes educadas."
437,anger,0.9666152596473694,Bom de mais
438,anger,0.6722078919410706,Porque √© um local agrad√°vel
439,anger,0.648068368434906,Maravilhoso
440,anger,0.5778626799583435,"Otimo Atendimento, e Parabens pelo Atendimento Renato  ."
441,anger,0.5020657181739807,Bom
442,anger,0.4342838227748871,Top
443,anger,0.6875646114349365,Atendimento r√°pido e amistoso!
444,anger,0.7576481699943542,Melhor fast food d√° regi√£o
445,anger,0.6290187835693359,Amooo
446,anger,0.7991191148757935,"N√£o tem muito o que dizer, subway √© td igual."
447,anger,0.5689914226531982,√ìtimo restaurante...
448,anger,0.8243337869644165,Higiene e qualidade
449,anger,0.5925765633583069,Uma del√≠cia
450,anger,0.680239737033844,Recomendo.
451,anger,0.8161588311195374,Melhor q king donalds e habibis
452,anger,0.4711720645427704,"√ìtimo ambiente,"
453,anger,0.7646408081054688,Sensacional
454,anger,0.6079118847846985,Chris jantes e o Renato os melhores atendentes
455,anger,0.4342838227748871,Top
456,joy,0.4962737262248993,Excelente como qualquer restaurante da rede!!
457,anger,0.8680189251899719,Kkk
458,anger,0.5324000120162964,Muito bom!
459,anger,0.6644276976585388,Excelente
460,love,0.7280659675598145,Meu sandu√≠che ficou muito bem feito!
461,anger,0.7679433226585388,"Apesar de parecer falida e quase sem mesas, segue o padr√£o de qualidade da rede."
462,anger,0.54241943359375,Pessimo
463,anger,0.7269120812416077,Bom atendimento os sub s√£o muito gostoso
464,anger,0.6816434860229492,Muito Bom
465,anger,0.8053126931190491,"Muito bom. Lanche maravilhoso.
Tirando um o outro mal atendente. O restante tudo top."
466,anger,0.5849367380142212,Muito bem caprichado
467,anger,0.5020657181739807,Bom
468,anger,0.6663838624954224,"J√° dei 5 estrelas para a comida, servi√ßo e ambiente. O que mais posso dizer sou apaixonado por subway.  Localiza√ß√£o √© boa, o acesso √© f√°cil e os pre√ßos s√£o aceit√°veis. Super indico o Subway Guanabara."
469,anger,0.6136086583137512,√ìtimo pra quem t√° com pregui√ßa e quer comer algo saud√°vel
470,anger,0.7228230237960815,Padr√£o fastfood  bom e  gostoso
471,anger,0.5195150971412659,Atendimento √≥timo
472,anger,0.5040842294692993,R√°pido e pr√°tico
473,anger,0.8149594068527222,Unica lanchonete nas redondezas aberta at√© as 23:00. Me salvou.
474,anger,0.560611367225647,Legal
475,anger,0.4342838227748871,Top
476,anger,0.5324000120162964,Muito bom!
477,anger,0.6498116254806519,Tem de tudo!
478,anger,0.638949453830719,Excelente üòÅüòÅüòÅ
479,anger,0.6273025274276733,Adoro
480,anger,0.5523306727409363,Sandu√≠ches saud√°veis
481,anger,0.4070330560207367,√ìtimo local
482,anger,0.6816434860229492,Muito bom
483,anger,0.5601280331611633,"Excelente, ambiente climatizado e confort√°vel"
484,anger,0.5404342412948608,Ambiente agrad√°vel. üëè
485,fear,0.46010294556617737,√ìtima
486,anger,0.8162892460823059,"Amoooo muito
Maravilhoso
Sou apaixonada üòçüòçüòçüòçüòã"
487,anger,0.722862958908081,"Adoro o sandu√≠che , cai bem qualquer hora do dia"
488,anger,0.6600122451782227,Uma del√≠cia.
489,anger,0.6329690217971802,√ìtimo atendimento lugar agradavel
490,fear,0.41657570004463196,√ìtimo
491,anger,0.6987419128417969,"Subway √© Fast Food, portanto, √© um lugar para quem quer um lanche r√°pido. Por isso, s√≥ fa√ßo meu pedido, sento para comer  ou pe√ßo para viajem e vou embora. Logo, no que me interessa, essa Subway atende perfeitamente pois o local sempre est√° limpo, confort√°vel e as atendentes s√£o √°geis."
492,anger,0.3872717022895813,√ìtimo sandu√≠ches
493,anger,0.6109646558761597,"üê∏üòçüòãdeliciosoüòãüëèüëèmuito bem atendida,nota 10üëèüëèüëèüëèüôåüåπüåπüåπüåπüåπ"
494,anger,0.6295982003211975,√ìtimo lugar √≥timas atendentes muito simp√°ticas
495,anger,0.5771660804748535,√ìtimos produtos
496,anger,0.7128202319145203,Chris james eo Renato os melhores n√£o tem outro igual a eles tooop üôèüèº
497,anger,0.7550514936447144,"Um √≥timo lugar para comer, sandu√≠che muito gostoso, e bem preparado, adoro."
498,anger,0.38707298040390015,Boa !
499,anger,0.604785144329071,Lanchonete limpa e com bons atendentes
500,anger,0.4934338927268982,Atendentes muito bons. E o sandu√≠che estava gostoso.
501,anger,0.6022355556488037,"O melhor de Goi√¢nia, Atendimento top Chris James eo Renato"
502,anger,0.728230357170105,Op√ß√£o mais barata do aeroporto.
503,anger,0.6264423131942749,Adoro subway üòç
504,anger,0.4342838227748871,Top
505,anger,0.7488095164299011,Tudo perfeito. Experi√™ncia gastron√¥mica sem igual.
506,anger,0.5472338795661926,"Sanduba maravilhoso, otimo atendimento"
507,anger,0.7006047964096069,"Atendimento excelente, em especial as funcion√°rias Maria e Carolina.
Pre√ßos mais altos que o PADR√ÉO, como de costume no aeroporto.
E o hor√°rio de funcionamento poderia ser 24hrs tamb√©m como nas demais lojas."
508,anger,0.49233654141426086,√ìtimo atendimento
509,anger,0.5355682373046875,Salva nos
510,anger,0.717114269733429,√ìtimo atendimento e f√°cil de estacionar.
511,anger,0.7029434442520142,Local muito bom e √≥timos funcion√°rios
512,joy,0.6586865186691284,Sandu√≠che gostos√≠ssimo. Pre√ßo bom em rela√ß√£o a outros fastfood. Tem estacionamento. Muito bom!
513,anger,0.8289437294006348,Agrad√°vel lugar bom pra ir com a fam√≠lia
514,anger,0.8134298324584961,Excelentes op√ß√µes
515,anger,0.4760980010032654,"O ambiente √© bom.
Os atendentes s√£o bem cort√™s.
O sandu√≠che √© muito bom.
E n√£o √© necess√°rio esperar muito."
516,anger,0.7174926996231079,O sandu√≠che que vai bem com tudoüòçüòç
517,anger,0.8754883408546448,"Gosto muito dos sandu√≠ches do subway. O pre√ßo vale a pena, principalmente com o carne do barat√≠ssimo"
518,fear,0.46010294556617737,√ìtima
519,anger,0.5020657181739807,Bom
520,fear,0.41657570004463196,√ìtimo
521,fear,0.41657570004463196,√ìtimo
522,anger,0.47243255376815796,Boa
523,joy,0.6261665225028992,Lanche mais r√°pido do momento!
524,joy,0.51114422082901,√ìtimo atendimento. R√°pido e √°gil e o lanche estava super caprichado! Realmente feito com muito carinho!
525,anger,0.7214496731758118,Pq o lanche e uma del√≠cia
526,anger,0.6662225723266602,Bom atendimento
527,anger,0.7396343350410461,"√ìtimo atendimento, muito atencioso e prestativo. Lanche ficou pronto r√°pido. Local limpo, com baixo fluxo, sem muito barulho, √≥timo para ir ap√≥s uma atividade f√≠sica, pois os lanches tem op√ß√µes com baixas calorias."
528,anger,0.6662225723266602,Bom atendimento
529,anger,0.6639474630355835,Adorei
530,joy,0.7561156153678894,Top!
531,anger,0.34507301449775696,Otimo!
532,anger,0.47243255376815796,Boa
533,anger,0.7951832413673401,Lugar mais bonito lindo amo
534,anger,0.6073632836341858,Muito boa
535,anger,0.5020657181739807,Bom
536,anger,0.38707298040390015,Boa !
537,anger,0.5020657181739807,Bom
538,anger,0.4342838227748871,Top
539,fear,0.41657570004463196,√ìtimo
540,anger,0.7902786731719971,Muito bom atendimento bom
541,anger,0.4804840683937073,Atendimento e lanches √≥timo üëç
542,anger,0.5909186005592346,√ìtimo atendimento! P√£o perfeito! Restaurante limpo e fresco
543,anger,0.7280016541481018,"Bom atendimento, n√£o tem miser√°gem de azeitona."
544,anger,0.5020657181739807,Bom
545,anger,0.5020657181739807,Bom
546,joy,0.35155755281448364,F√£
547,anger,0.4522920548915863,√ìtimo lugar
548,anger,0.7902786731719971,Muito bom atendimento bom
549,anger,0.6182384490966797,Bom demais...
550,anger,0.8257880210876465,melhor que fazer almoco dia de sabadoüòÖüòÇ
551,anger,0.4102762043476105,Del√≠cia!!!!
552,anger,0.5634698867797852,E bom
553,anger,0.47243255376815796,Boa
554,anger,0.45835646986961365,Otimo lugar ‚ù§üîù
555,joy,0.674684464931488,"Meu Deus, o especial de s√°bado √© a coisa mais gostosa que esse restaurante faz, muito bommmmm. Fora o atendimento que foi super r√°pido e muito bom."
556,anger,0.5020657181739807,Bom
557,anger,0.6816434860229492,Muito bom
558,anger,0.5792551636695862,√ìtimo produto e o Atendimento do Renato e do Chris James foi excelente. Nota 1000
559,anger,0.8512579202651978,Melhor sandubao
560,anger,0.6577672362327576,Sandu√≠ches baratos e muito bons
561,anger,0.7401926517486572,"Atendimento Do cara do olho claro muito bom.
Nota 10..."
562,anger,0.7128238081932068,Bom lugar e de f√°cil acesso.
563,anger,0.43041396141052246,Show
564,anger,0.5381188988685608,"√ìtimo, bem atendido"
565,joy,0.3802086412906647,Comida √≥tima! Pre√ßo justo! !!!!
566,anger,0.8045805096626282,"Maravilhosa,tem uma atendente que o atendimento √© sensacional."
567,anger,0.45499834418296814,Adoro td de l√°.
568,anger,0.5494247078895569,√ìtimo atendimento super t
569,anger,0.5974296927452087,"Cris gemeos e renato, melhores atendentes, muito legais üòâüëèüèº"
570,anger,0.5064520239830017,√ìtima comida
571,anger,0.8700108528137207,"√ìtimo lugar
Ambiente agrad√°vel
Subway igual a qualquer do mundo sempre uma del√≠cia
Atendimento bom"
572,anger,0.6450709700584412,Bom atendimento e limpo
573,anger,0.6988506317138672,Sempre tranquilo
574,anger,0.6150583028793335,Nota dez em sandu√≠che
575,anger,0.7856502532958984,Deliciosa  comi muito
576,anger,0.8421355485916138,Excelente uma del√≠cia
577,anger,0.6605362892150879,Melhor comida
578,anger,0.8146856427192688,Subway!n√£o tem nem o que falar top
579,anger,0.5020657181739807,Bom
580,anger,0.6691993474960327,√ìtimo lugar para sair com amigos e casais
581,anger,0.5324000120162964,Muito bom!
582,anger,0.6096935868263245,√ìtimo bom atendimento
583,anger,0.4722364544868469,Bommmmmmmmmm
584,anger,0.6151866912841797,A melhor
585,anger,0.4522920548915863,√ìtimo lugar
586,anger,0.6425623893737793,Atende pra que veio rsrs!
587,anger,0.7348161339759827,Melhor sandu√≠che
588,anger,0.5787017941474915,Amei a sabway
589,anger,0.5020657181739807,bom
590,anger,0.4919830858707428,√ìtimo pra levar a fam√≠lia!
591,anger,0.7823728322982788,√ìtimo lugar para comer √© tem uma pela recep√ß√£o.
592,anger,0.7808927893638611,Amo sem fim!!!!
593,anger,0.8153013586997986,Excelente lugar para fazer lanche com grande variedade de queijos e p√£es
594,anger,0.7719009518623352,"Era o melhor lugar, que pena que fechou"
595,anger,0.4342838227748871,Top
596,anger,0.6816434860229492,Muito bom
597,anger,0.7490025162696838,"Como prezo pela qualidade do atendimento e produto,esse estabelecimento ficou a desejar,   realizei o pedido pelo IFood e a partir da√≠ percebi descaso com o cliente mas resolvi dar uma chance, atendimento de p√©ssima qualidade, falta de educa√ß√£o e respeito pelo consumidor, a foto dos sandu√≠ches foram do dia 25/01/2020, e sinceramente, tive que jogar fora pois estavam sem condi√ß√µes para o consumo, o motoqueiro se perdeu, o sandu√≠che chegou com 1 hora de atraso, al√©m do tempo de preparo (50-60 min) que eles colocam l√° no app, sandu√≠che frio e produtos de p√©ssima qualidade!"
598,anger,0.7863367795944214,"Pedido muito demorado, pessoal n√£o responde no chat do app, fiz o pedido pelo 99food, disse que tinha saido pra entrega as 21 horas do dia 29/10/2021, nisso as 22 e 38 com mais de uma hora de atraso, colocaram no app que o pedido tinha sido finalizado, sendo que nem foi recebido. Fiquem atento proximos clientes, n√£o seja enganado por este estabelecimento que faz descaso com o cliente."
599,anger,0.9048901796340942,"Excelente... carne saborosa, bem preparado e atendimento extramemente qualificado e ainda veio uma coca"
600,anger,0.6962587237358093,"Estabelecimento sem seriedade, cuidado!"
601,anger,0.9296533465385437,"P√©ssima comida, p√©ssimo atendimento, pre√ßos incompat√≠veis. Veio um peda√ßo de bombril no prato pedido."
602,anger,0.9557273387908936,"A comida √© ruim demais, falta qualidade e o atendimento √© lento. N√£o tem cafe, acredite! √â por essas  e outrasque nada da certo naquele mall. Acham que os moradored sao idiotas. Vao falir como todos os outros. ANOTE AI!"
603,anger,0.7030014395713806,"O prato que era R$79,00. E mais uma salada simples e duas cocas latas se tornou R$200,00. Uma dupla cantando, ali√°s gritando. E couvert art√≠stico por eles foi um desastre"
604,anger,0.7003309726715088,Precisa ter melhores op√ß√µes para o card√°pio. Pre√ßo salgado.
605,anger,0.5324000120162964,Muito bom!
606,anger,0.6662225723266602,Bom atendimento
607,anger,0.6334551572799683,"Local com boa comida, m√∫sica ao vivo √†s sextas-feiras e que respeita os protocolos sanit√°rios anti COVID-19."
608,anger,0.8609180450439453,"Comida boa, bem saborosa; por√©m na √∫ltima vez que fui demoraram muito para finalizar a conta pra poder pagar."
609,joy,0.48647063970565796,Lugar agrad√°vel para passar com familiares e amigos!
610,anger,0.6396709084510803,Um bom lugar para um fim de tarde e uma boa cerveja geladinha.
611,anger,0.7003504037857056,"Espetacular o atendimento. Um pouco de demora no prato, mas compreens√≠vel."
612,joy,0.8967676162719727,"Fant√°stico! Uma vista maravilhosa de Goi√¢nia,  comida sensacional e as m√∫sicas s√≥ as melhores dos anos 70', 80' e 90'. Parab√©ns aos idealizadores."
613,fear,0.41657570004463196,Otimo
614,anger,0.8076230883598328,Excelente qualidade e atendimento!
615,anger,0.6481784582138062,"Lugar muito bacana e tranquilo, comida gostosa. √ìtimo atendimento e com uma vista muito bonita da cidade!"
616,anger,0.42753884196281433,"Ambiente muito agrad√°vel, comida √≥tima, m√∫sica top, cerveja gelada!!!"
617,anger,0.7584524154663086,"O bife a parmegiana estava perfeito,  o atendimento muito bom, pre√ßo acess√≠vel."
618,joy,0.5414152145385742,Gostei da comida e do local. √ìtima vista da cidade.
619,anger,0.7436510324478149,"DOM Z√â E LUGAR FAMILIAR E PREMIADO,,,, TEM UM TAL BIFE √Ä PARMEGIANA... MOREI EM 13 ESTADOS DIFERENTE √â O MELHOR DO BRASIL..
O final de semana pede uma refei√ß√£o diferente, n√£o √©?! Por isso, uma √≥tima op√ß√£o √© apostar no bife √† parmegiana, pois agrada a todos os gostos! E, n√£o se engane, j√° que o ""diferente"" no seu sabor √∫nico..

A ARTE DE ENCANTAR COM O SABOR ALIMENTAR....  KALLUFF NARMMER.."
620,joy,0.5758290886878967,"ambiente maravilhoso, excelente atendimento, propriet√°rio parceiro e focado em atender bem"
621,anger,0.5782961249351501,"Um local com uma vista linda de Goi√¢nia, com um som ambiente, comida excelente."
622,anger,0.7297816276550293,Uma bela vista da cidade e bom atendimento!
623,anger,0.5639954805374146,Lugar lindo. √ìtimo atendimento.
624,anger,0.6773551106452942,"√ìtimo atendimento, comida e localiza√ß√£o tamb√©m"
625,anger,0.6806015372276306,Comida boa e pre√ßo justo
626,anger,0.7334792017936707,Carne macia e saborosa
627,anger,0.5324000120162964,Muito bom!
628,anger,0.7264838218688965,"Agradabil√≠ssimo, com uma vista estonteante de Goi√¢nia..."
629,anger,0.604918360710144,Atendimento √≥timo e carne maravilhosa.
630,anger,0.6816434860229492,Muito bom
631,joy,0.5724062919616699,Excelente. √ìtima comida. Atendimento primoroso. Pre√ßos honestos.
632,joy,0.5462850332260132,"Comida excelente, com por√ß√µes generosas!"
633,fear,0.46010294556617737,Otima
634,anger,0.9112169742584229,Espa√ßo ao ar livre e muito agrad√°vel e seguro.
635,anger,0.7731521725654602,"Muito boa! Receptividade maravilhosa, ambiente agrad√°vel. Atende as normas de distanciamento. Muito bom üëçüëçüëç"
636,anger,0.6939272284507751,"Sempre fomos muito bem recebidos! Comida boa, drinks bem preparados, cerveja gelada. üç∫"
637,anger,0.8295605778694153,N√£o me recordo de ter ido a este lugar
638,anger,0.6117980480194092,"Maravilhoso ambiente super agrad√°vel, comida maravilhosa me agradou muito, eu super √çndico."
639,anger,0.6885496973991394,Atendimento perfeito üëèüëèüíÉü•Çüçæ
640,anger,0.7862772345542908,"O melhor Hamb√∫rguer que j√° provei ! D√° pra sentir no sabor, que os ingredientes s√£o de primeira qualidade,  a carne bem temperada , suculenta e macia por dentro , com uma leve croc√¢ncia por fora , na medida certa! Sem igual. O molho √© muito diferente de todos os outros que conhe√ßo, maravilhoso! .Todos os p√£es que provei de l√° s√£o super macios e deliciosos ! Eu recomendo de olhos fechados. Pre√ßo justo e acess√≠vel √† todos ! Cliente fiel !!"
641,anger,0.472602903842926,Melhor Hamb√∫rguer que eu conheci. A fam√≠lia amou!
642,anger,0.9117168188095093,"Pedi pelo Ifood e chegou r√°pido.
Hamb√∫rguer grande, carne suculenta no ponto que pedi e tudo bem embalado!"
643,anger,0.7955705523490906,Muito bom sempre saboreio a especialidade
644,anger,0.663994550704956,"Bom atendimento, responde r√°pido pelo whatsapp, hamb√∫rguer monstro de grande e saboroso!"
645,anger,0.8306507468223572,"Simplesmente o pior spoleto que j√° comi, atendimento ruim, 21:30 param de aceitar pedidos, comida demora mais que 40 min pra ficar pronto. Uma dica n√£o v√° nesse spoleto"
646,anger,0.7676013112068176,"A qualidade do atendimento e do preparo do macarr√£o caiu demais.
Amo Spoleto mas, do Buriti shopping eu n√£o volto mais.
Dois atendentes, aparentemente novatos, atendendo sozinho e visivelmente perdidos e desastrados no preparado do pedido. Cozinha toda suja, ingredientes espalhados por toda bancada. Um desastre."
647,anger,0.6224062442779541,"Qualidade caiu muito, pamonha s√≥ o mingau."
648,joy,0.6954025626182556,"Macarr√£o aguado, pedi 2 bambini com ingredientes diferentes. Veio um com mais quantidade, e outro bambini com os mesmos ingredientes. Chamaram a senha 4x, baixaram o pedido da tela sem terem feito os pratos, at√© o suco que pedi mandaram errado. Al√¥, propriet√°rio, abre teu olho!"
649,joy,0.4864652752876282,Falta simpatia.
650,anger,0.7717293500900269,Fui uma vez a muitos anos atr√°s . Normal
651,anger,0.7786593437194824,"Na unidade do Shopping Buriti, o atendente de hoje hor√°rio do almo√ßo (29/02/2020) um rapaz mal educado, pedimos para gratinar e por n√£o sabermos em qual momento certo da prepara√ß√£o pedir, ele nos tratou com grosseria jogou o macarr√£o na lou√ßa sem nenhum respeito com o alimento, n√£o usam m√°scara para conversar sob os alimentos que est√£o sendo preparados, faltando as ervas que ficam a disposi√ß√£o. Faltando educa√ß√£o e higiene."
652,anger,0.6659674644470215,"Atendimento ruim, pessoal desorganizado e  falta tempero na comida, pedi pra comer no shopping poremm levei pra casa pra finalizar pois estava sem sal e sem tempero."
653,anger,0.7155202031135559,Atendimento muito ruim no Spoleto do Buriti Shopping no hor√°rio das 21 horas de hoje 21/01/21. Dois funcion√°rios sem educa√ß√£o e com pouca disposi√ß√£o para atender. Tem raz√£o do movimento estar baixo. Eles espantam os clientes.
654,anger,0.7037044167518616,Atendimento prec√°rio
655,anger,0.8540436625480652,"Atendimento p√©ssimo. Como a lasanha mais seca de toda a hist√≥ria do spoleto √© o segundo prato era com fil√© a milanesa... que veio queimada e preta. Esse segundo prato nos pagamos para gratid√£o, mais veio extremamente ressecado.
Uma verdadeira vergonha parava rede Spoleto."
656,anger,0.6838074326515198,"Solicitei um  pedido pelo aplicativo uber eats, alm√¥ndegas  do futuro, todas as 6 unidades infelizmente  veio torradas""queimadas""
N√£o recomendo  2 vezes que acontece comigo!"
657,anger,0.5670639872550964,J√° foi bom!
658,anger,0.640288770198822,Fiz um pedido pelo ifood n√£o vale a pena
659,anger,0.7391769289970398,Falta de ingredientes e o meu gratinado estava frio/gelado. J√° esteve melhor.
660,anger,0.6377530097961426,"Ruim, sem queijo na macoronafa, pedi a atendente ela disse que sem hoje?"
661,anger,0.917354941368103,"Macarr√£o cru, sem gosto sem tempero s√≥ engana√ß√£o pra pegar o seu dinheiro"
662,anger,0.8306447863578796,"P√©ssimo, o prato demorou 15 minutos, o cheiro do queijo parmes√£o estava p√©ssimo e assim que a comida esfriou estava cheirando azeda, TERR√çVEL, ali√°s o pr√≥prio shopping est√° ruim"
663,anger,0.8469298481941223,Macarr√£o p√©ssimo pelo pre√ßo cobrado. A √∫ltima vez que comi l√° o bacon estava com um gosto de velho...
664,anger,0.8621808290481567,"J√° foi melhor agora est√° prec√°rio atendimento horr√≠vel massa fria ingredientes faltando frango era ao ponto estava mal passado  bebida quente horr√≠vel d+ viu sabor da comida totalmente diferente ainda mais os molhos aguados sem testura sem sabor, outras franquias d√£o de 10 e seguem o padr√£o de qualidade  ,  #franquiaruim"
665,anger,0.6713029146194458,"Ja foi bom comer aqui
V√™ montar seu prato era o maior diferecial do spoleto
Essa mudan√ßa ser√° sem d√∫vida  o desastre da franquia!!!"
666,anger,0.7480332851409912,"Minha experi√™ncia: o pior macarr√£o no pior Spoleto da grande Goi√¢nia. Pena n√£o haver estrela negativa ou alertas de ""N√£o v√°"", ""N√£o coma"", ""N√£o desperdice seu dinheiro"" ou ""N√£o passe raiva e saia com fome ainda"". A franquia devia ter vergonha e fechar logo as portas da unidade do Buriti Shopping."
667,anger,0.879535973072052,Faltou tudo. Acho que √© um das filiais em que eles colocam menos de tudo. N√£o tinha praticamente nada no meu prato.
668,anger,0.8285031318664551,"Senti pena do propriet√°rio dessa loja do shopping buriti, equipe totalmente desalinhada,  n√£o sabem com exatid√£o de quem √© quem os pedidos, devem perder centenas de milhares em vendas."
669,anger,0.876669704914093,"Sempre comi nesse spoleto e nunca tive problemas. Entretanto, diminuiram a quantidade d ingredientes da massa tradicional p 6 e a mo√ßa q preparou meu prato colocou t√£o pouco q fiquei horrorizada.
Conclus√£o,  n√£o volto mais... √© uma falta d respeito uma coisas dessas. .Conclus√£o"
670,anger,0.6609450578689575,"A qualidade do atendimento, da pr√≥pria alimenta√ß√£o e preparo est√° cada vez pior. Inclusive servindo em pratos com bordas quebradas. Triste mesmo, uma franquia t√£o boa nessa situa√ß√£o."
671,anger,0.9077634811401367,"√önico lugar que consigo comer no flamboyant pois sou vegetariano,mas v√°rias vezes que vou est√° muito misturado os ingredientes da√≠ fico sem comer."
672,anger,0.43914833664894104,Rui
673,anger,0.7902084589004517,Pela terceira pe√ßo comida e vem violada a embalagem ... n√£o tem telefone para contato n√£o responde os clientes ....
674,joy,0.8053728342056274,"Pedimos um nhoque de ab√≥bora ao molho branco.
Simplesmente veio algo parecido com um pur√™. Os nhoques desmamchados.Achei horr√≠vel!"
675,anger,0.8729826211929321,"Pedi um macarr√£o onde voc√™ escolhe os acompanhamentos ,por√©m foi muito pouco que colocaram, al√©m de ser servido pouco molho tamb√©m ."
676,anger,0.5489307045936584,Normal
677,anger,0.549869954586029,"Funcion√°rio com m√° vontade,franquia p√£o dura,com os ingredientes em baix√≠ssima quantidade, pra fazer a gente pagar mais,e eles gastarem menos...perdeu um cliente de anos!"
678,anger,0.5364329814910889,P√©ssimo atendimento.
679,anger,0.8356071710586548,"Horr√≠vel o atendimento, fui obrigada a pagar por um prato q n√£o escolhi, os dois q estavam atendendo s√£o muito sem educa√ß√£o..."
680,anger,0.8684194684028625,"A uns anos atr√°s era excelente, mais ontem comi o pior macarr√£o da minha vida! Sem sabor, sem tempero, mal preparado e pouco ingrediente... Enfim nunca mais volto... Descepcionada"
681,joy,0.48517102003097534,"Muito ruim o da unidade Buriti Shopping! Atendimento muito enrolado, falta de ingredientes, o sabor muito diferente de outras lojas."
682,anger,0.82660311460495,"Fui √† loja dia 18/10/19. Por fora foi reformado, mas n√£o se engane. V√°rios produtos estavam faltando (risoto do card√°pio e macarr√£o carbonara, por exemplo), al√©m disso os talheres estavam todos (isso mesmo, todos) sujos e tiveram que limpar um l√° na hora para entregar-me. Sem falar que a pessoa que pega o ingrediente para colocar na frigideira para fazer o macarr√£o aparenta estar com pena de peg√°-lo, pois nunca havia comido um macarr√£o dessa rede com t√£o pouco recheio. De tudo, o pior, em minha opini√£o, foi a sujeira da borda do prato e dos talheres. Se onde o cliente est√° vendo se encontra assim, imagina na cozinha interna, onde ningu√©m v√™? N√£o volto e muito menos recomendo."
683,anger,0.7752085328102112,"Massa ruim, pouco ingredientes.
N√£o vale a pena.
Procure outro restaurante no shopping que voc√™ n√£o ira arrepender."
684,anger,0.7361223101615906,"Experi√™ncia horr√≠vel! Pedimos 2 bambines, enquanto nas outras unidades tem direito a 2 molhos, l√° √© s√≥ 1 molho, se quiser mais, tem que pagar adicional e mesmo com adicional de molho, tava pouco. Veio sem gosto, tive que por sal, a cebolinha vem junto com salsa, n√£o tem colher  N√£o parece franquia Spoleto nem de longe."
685,anger,0.6501898169517517,"P√©ssima, 50 minutos pra fazer um macarr√£o Massa e Molho"
686,anger,0.8008896112442017,"Compramos o monte seu prato pensando que seria a maravilha de antes , foi uma decep√ß√£o.
N√£o tinha sabor de nada , nem a cor do molho estava digna de um bolonhesa. N√£o voltamos !
Quem quiser comer um macarr√£o de qualidade procure o Cantinho Sertanejo, lugar simples mas  a comida √© saborosa ."
687,anger,0.8201919794082642,"Infelizmente a comida do restaurante Spoleto do Buriti shopping deixa muito a desejar quanto as demais franquias em Goi√¢nia, por pouco tempo que fiquei l√° vi as atendentes brigarem, pregui√ßosas, sem contar o macarr√£o que veio muito ruim sem tempero."
688,anger,0.7403168082237244,"Atendimento ruim e muita demora no preparo do prato.
+ de 25 minutos de espera, detalhes;
O pedido e o pagamento foi feito no autoatendimento.
Havia apenas dois pratos sendo preparados na minha frente.
V√°rios funcion√°rios, mas nenhum para resolver.
Momento da compra era fora do hor√°rio de pico ( almo√ßo ).

N√£o recomendo üò°"
689,anger,0.4441058039665222,45 minutos de espera
690,anger,0.8118872046470642,"Estive no Spoleto Passeio das √Åguas em 03/11/2019, na hora do almo√ßo e fiquei bem decepcionada. Pedi um Carbonara, me disseram que esse prato n√£o estava dispon√≠vel. A√≠ pedi uma massa tradicional (penne + 6 ingredientes), pior escolha... a atendente economizou tanto nos ingredientes, e ficou insistentemente me oferecendo para acrescentar mais ingredientes, com acr√©scimo do valor. Certamente foi esse o motivo de colocar pouqu√≠ssima quantidade de ingredientes, pra vender mais. Al√©m disso, a Coca Cola que comprei estava quente. Frequento o Spoleto em diversos shoppings de Goi√¢nia e outras  cidades, a loja do Passeio das √Åguas √© a pior que j√° vi. N√£o volto mais e n√£o recomendo, p√©ssima experi√™ncia! Dei uma estrela porque √© a nota m√≠nima permitida, se fosse poss√≠vel n√£o daria nenhuma!"
691,anger,0.7613164782524109,"Parab√©ns NOTA ZERO! Totalmente ruim, massa sem sabor algum, molho extra de queijos veio ralo. N√£o sei explicar o qu√£o ruim isso tava."
692,anger,0.8108211159706116,"Falta de variedades de macarr√£o , n√£o servem torrada , nao tem praro do dia e tem mais s√£o extremamente 'ridicos' na hora de colocar os complementos ."
693,anger,0.6353493332862854,O risoto estava mt ruim
694,anger,0.59192955493927,"Spoleto do Buriti shopping deixou a desejar. Atendentes lentas, estava sem sal, pouqu√≠ssimo molho, e senti alguns ingredientes cru (n√£o mexeram direito na frigideira). Vcs deveriam aprender mais com os atendentes do aparecida shopping, eles sim sabem fazer um excelente atendimento e um excelente prato!"
695,anger,0.8566011190414429,"No s√°bado, dia 16/10/21 fiz compra pelo Ifood.
Pedido n√∫mero 5641
Pedido veio incompleto.  Chamei no chat, n√£o me deram retorno. Telefone n√£o atende.
Muito ruim o suporte"
696,anger,0.786108136177063,"Hoje 06/12/20 eu e dois amigos fomos almo√ßar no Buriti shopping, pedimos dois risotos e um macarr√£o e deixou a desejar,pois os risotos e o macarr√£o al√©m de estarem duros estavam frios."
697,anger,0.7766944169998169,"Molho ralo e aguado, n√£o tem nem sach√™ de sal pro cliente, e o manjeric√£o quando pede parece que t√¥ ofendendo o lugar, de t√£o mal grado e regrado que √© posto. Muito a desejar essa unidade."
698,anger,0.47243255376815796,Boa
699,anger,0.8980773091316223,"Primeiro pedi o al mare de camar√£o e a atendente nem sabia de qual macarr√£o estava falando, e duas mais dois que estava ainda mais perdidos, acharam que eu iria querer s√≥ o molho, ent√£o n√£o colocaram meu macarr√£o pra esquentar,  no fim nem acharam o prato que em todas as unidades tem no sistema, voc√™s tem que colocarem pessoas mas treinadas, ao menos que saiba o que voc√™s servem. Macarr√£o veio duro . Realmente decepcionada"
700,anger,0.8004761934280396,"Caiu de mais o n√≠vel! Macarr√£o car√≠ssimo e n√£o colocam quase nada dos ingredientes q marcamos e vem s√≥ ‚Äúsujo‚Äù de molho‚Ä¶ Quando pedi a bolonhesa, veio sem carne praticamente‚Ä¶ ta rid√≠culo"
701,anger,0.8350370526313782,"Pedi um macarr√£o tradicional gratinado a atendente que estava l√° n√£o soube fazer , sem contar que as bordas da lou√ßa tava toda suja acho que parecia queimada sei l√° awi  e meu esposo pediu um paillard tb n√£o soube fazer um prato que √© padr√£o da casa disse que ele que tinha que escolher os ingredientes sendo que no card√°pio era prato padr√£o.  O padr√£o caiu muito em rela√ß√£o aos outros spoleto. Me parece que os colaboradores n√£o tiveram o treinamento adequado."
702,anger,0.9460034370422363,"Atendimento horr√≠vel, vc pede aux√≠lio para fazer o pedido atendente sem educa√ß√£o sempre comi no Cerrado nunca tinha sido atendida como no Flamboyant muito decepcionada"
703,anger,0.7112427949905396,"Horr√≠vel! Comida sem sabor , ambiente desorganizado, talheres sujos , demora pra atender e falta de op√ß√µes de sucos."
704,anger,0.7783908843994141,Pior atendimento de todas as franquias de goiania. Atendentes literalmente te ignoram
705,anger,0.6392463445663452,"Com o intuito de fazer o cliente gastar mais, colocam uma mixaria de molho e ingredientes... Sou cliente h√° muito tempo, mais atualmente est√° deixando a desejar, p√©ssimo!"
706,anger,0.7940038442611694,"O Focaccia √© muito mal feito, feito de qualquer jeito n√£o como mais l√° , j√° o do aparecida shopping √© perfeito."
707,anger,0.5364329814910889,P√©ssimo atendimento.
708,anger,0.8826178312301636,"Card√°pio est√° bem completo, mas o atendimento p√©ssimo. O sistema de auto atendimento trava, √© confuso e n√£o tem ningu√©m para auxiliar. Uma demora imensa! Irritante! Bife seco!"
709,joy,0.598148763179779,"P√©ssimo!
P√©ssimo atendimento!
Principalmente a gerente!"
710,anger,0.9230624437332153,Minha esposa ordenou um risoto que veio com o arroz completamente cru e os funcion√°rios ficaram irritados quando falamos do problema. P√©ssima experi√™ncia
711,anger,0.7894596457481384,"Pior almo√ßo em muitos anos como cliente do Spoleto.
Pedi um prato com carne empanada, simplesmente veio uma carne com espessura de um papel, R$25.00, s√≥ pela carne (65g) de carne nada empanada , horr√≠vel o sabor.
Espoleto agora est√° mais voltado a lucro e baixando a qualidade do produto.
Anexo foto .

N√£o volto mais."
712,anger,0.8055417537689209,"P√©ssimo, comida sem sal, funcion√°rios com m√° vontade de atender, uma falta de higiene sem fim! P√©ssimo, o pior spoleto de goi√¢nia!"
713,anger,0.631485104560852,"P√©ssimo atendimento! As duas atendentes n√£o conhecem card√°pio, n√£o sabem explicar nada, macarr√£o veio horr√≠vel, duro, n√£o consegui nem comer."
714,anger,0.8674476146697998,O atendimento antes era prec√°rio mais a comida era saborosa .Hoje comida ruim atendimento continua ruim .Por√ß√µes diminu√≠das molho sem sabor e o frango que era gratinado e saboroso acho que nem em hospital est√£o servindo um prato com um frango t√£o feio e sem sabor e pra completar a experi√™ncia um peda√ßo de osso pra gente terminar engasgado n√£o bastasse a p√©sima experiencia.
715,anger,0.8820434212684631,"P√©ssimo. Sou acostumada a comer no spoleto do flamboyant, a qual sou apaixonada, por√©m n√£o imaginei que mudava tanto de um shopping pro outro. Devia ter desconfiado, pq em um shopping lotadooo, era o √∫nico estabelecimento que estava praticamente vazio (s√≥ tinha eu, minha esposa e mais um casal na nossa frente), demoraram muitooooo pra atender, Comida sem sal, p√©ssima quantidade de ingredientes, pessoal do atendimento fazendo gracinhas entre si, e praticamente ignorando os clientes. Deviam fechar logo as portas. Sem falar que a massa estava super dura, e o molho ralo."
716,anger,0.9183229207992554,Ontem no hor√°rio das 14:30 mais o menos foi no almo√ßo e os atendes muito mal educado tinha duas mo√ßas que pedir ajuda pra com o meu pedido eles me Ignorou meu prato n√£o estava bom o camar√£o cru dessa vez o que recepcionada com atendimento e o prato que foi escolhido
717,anger,0.7459176182746887,"Muito ruim!!! Totalmente sem tempero sem sal, o molho veio aguado, eu n√£o √≠ndico!!!
O prop√≥sito da marca ( MINHA COZINHA ITALIANA ) n√£o condiz com a qualidade!!! P√©ssima qualidade!!!"
718,anger,0.7927750945091248,"Muita demora no atendimento, a qualidade do prato que eu costumo pedir caiu muito, tanto na qualidade dos ingredientes quanto no preparo. N√£o volto mais."
719,anger,0.7018672823905945,N√£o trabalho neste local
720,anger,0.8843169212341309,"Qualidade caiu bastante, macarr√£o duro e escassez de ingredientes, pedi palmito veio um peda√ßo, frango desfiado s√≥ o cheiro‚Ä¶
Nao como e indico."
721,anger,0.8286059498786926,"O pior Spoleto da franquia , pouco caso com o cliente que pede pelo aplicativo demora muito , n√£o recomendo"
722,joy,0.4062657654285431,Atendimento p√©ssimo!
723,anger,0.8911288976669312,Comida horr√≠vel uma das piores que jah comi macarraod duro ingredientes mal preparados
724,anger,0.8518549799919128,"O que est√° acontecendo com essa unidade?
At√© perguntei de mudou o dono.
Atendimento P√âSSIMO, zero simpatia com o cliente. Cara amarrada, parecendo que est√° fazendo um favor.
Demora no faturamento e a atendente de caixa despreparada.
O macarr√£o CAIU MUITO A QUALIDADE. Sem sabor, sem sal e seco.
O frango, pedi mal passado mas veio todo RESSECADO E sem gosto.

N√£o tem parmes√£o, cheiro verde e nada que me faria voltar para gastar um absurdo do valor que cobram.
Dinheiro e tempo  DESPERDI√áADO."
725,anger,0.67576003074646,Fiz um pedido hoje pelo WhatsApp as 12:45 e at√© agora as 15:03 n√£o foi entregue. Muita falta de respeito ! Primeira e √∫ltima vez.
726,anger,0.6382727026939392,"P√©ssima experi√™ncia no prato fetuttine de gorgonzola e parmegiana de carne. Prato sem sal, sem sabor, aguado e massa nada internacional como diz no menu. Carne min√∫scula e com borda queimada. Caro e n√£o vale a pena."
727,anger,0.7278176546096802,Incr√≠vel como Spoleto piorou ultimamente. Quase meia hora para atender 3 clientes e bolonhesa sem carne. N√£o t√° compensando mais.
728,anger,0.8222313523292542,Cada dia diminuindo os produtos e caindo qualidade
729,anger,0.8420990109443665,"Boa Noite , falta de op√ß√µes de ingredientes , prato Mama 3 conchas de molho , super seco  e a quantidade de macarr√£o muito pouco . Manjeric√£o Murcho e cebolinha murcho . Nem se compara com a franquia do  Flamboyant."
730,,,"N√£o tive uma boa experi√™ncia, achei q seria mais s√©rio o servi√ßo, fui muito mau atendido no shopping flamboyant de Goi√¢nia,  deixam a carne acabar da alimenta√ß√£o, me chamaram e falaram q n√£o tinha mais , s√≥ q uma atendente n√£o me viu e mandou eu comer s√≥ arroz q tava lindo , respirei e perguntei se tinha outra carne , com toda educa√ß√£o poss√≠vel, falou q tinha , aceitei‚Ä¶
Da√≠ na hora de me chamar pra falar q estava pronto me deu um grito e sorriram, n√£o chamaram pela senha .
Decepcionado , pois hoje √© dia 2412, 16:30 , dia de paz , trouxe a fam√≠lia e ganho uma dessa de brinde, infelizmente, n√£o voltaremos mais ."
731,,,"Aquele macarr√£o q vc encontra na feira na esquina, s√≥ a com pre√ßo hiper faturado. Trago verdades"
732,,,"Pedimos 2 pratos... risoto com pedacos de frango e massa com molho bolognesa e polpettone... que decep√ß√£o... para come√ßar o refrigerante estava quente e a comida gelada, o frango frio como se ainda estivesse refrigerado... molho ralo e sem sal... uns 3 dias antes eu comi o molho polmodoro com pesto e bacon... tinha mais sabor, ainda sim muito sem sal... dei 2 oportunidades antes de fazer uma cr√≠tica porque j√° comi nas outras franquias e a comida √© outra e sem compara√ß√£o, deliciosa... eu s√≥ posso crer que n√£o treinam os funcion√°rios, achei os 2 simp√°ticos, mas n√£o conseguir esquentar uma massa e um erro grotesco para um restaurante. Vendo tantas cr√≠ticas me pergunto onde est√° a gest√£o dessa franquia? Como um empres√°rio n√£o tem vergonha em ser t√£o mal avaliado em sua empresa."
733,,,Sempre como mais hoje o feij√£o  estava azedo
734,,,N√£o conhe√ßo
735,,,"Comi um risoto t√£o ruim que √© pior que um mexid√£o feito em casa. Eram 6 ingredientes, mas a quantidade que ele colocou foi t√£o pouca q s√≥ sujou o arroz de roxo por causa da pasta de azeitona preta. O cogumelo nem apareceu. Ele amassou o arroz tanto q virou uma gororoba horrorosa. E o gosto sem gra√ßa. Al√©m de ficar insistindo em oferecer extras para encarecer o prato. Fui pra poder levar o prato de porcelana promocional. Mas fiquei muito decepcionada com a qualidade. S√≥ comi pela fome mesmo, e n√£o volto nesse estabelecimento."
736,,,N√£o recomendo o Spoleto do Buriti Shopping!! Tive uma p√©ssima experi√™ncia.. onde falta ingredientes.. massa crua.. atendimento horr√≠vel!! O melhor √© o do Goi√¢nia Shopping!!
737,,,"Ontem, fui ao Buriti Shopping √† procura de um presente para minha namorada e resolvi pedir um prato para comer em casa. Pedi o Fetuccine ao molho de gorgonzola com carne a milanesa, e foi O PIOR MACARR√ÉO QUE J√Å COMI NA VIDA.√â triste falar isso n√©?¬†Ele custou R$ 36,90¬†+ R$ 5,50 do pote azul pra levar pra casa, mais uma √°gua mineral de 6,50, total de R$ 48,90 no PIOR PRATO DE MACARR√ÉO que algu√©m poderia fazer.
Eu pedi com molho pesto, a mo√ßa colocou alho e cebola. Ela fechou o pote e n√£o me ofereceu parmes√£o, nem pimenta nem azeite, pedi pra ela tirar o lacre, abrir e colocar, ela virou de costas e chegando em casa vi que ela s√≥ colocou a pimenta. Ela n√£o passou minha pontua√ß√£o no cart√£o, disse que tava fora do ar. Ela colocou a √°gua gelada em cima do meu macarr√£o e lacrou o saco de papel, tive que abrir o saco pra pegar a ÃÅ √°gua. Fui pra casa e quando abri a embalagem o cheiro que subiu foi horr√≠vel, cheiro de queijo com ran√ßo (eu sei do sabor do gorgonzola, sou apreciadora de vinhos e como queijo azul e gorgonzola sempre, sei dizer quando o queijo t√° bom e quando t√° ruim) um fedor de alho passado, sabe alho amassado e muito tempo guardado? N√£o era fresco,¬†nem vou me atentar que pedi pesto, e ela colocou alho... enfim. O macarr√£o era uma massa s√≥, todo pregado, sem molho e grudado, muito grudado, sem sal. O fil√© a milanesa, passou do ponto e tinha casca queimada e amarga, a carne ficou seca e dura, dois pedacinhos min√∫sculos. Olha sinceramente, nunca senti uma dor t√£o grande em jogar tudo fora, o fedor estava insuport√°vel, e n√£o deu pra comer. Com a √∫nica garfada que eu dei antes de jogar, o sabor do alho ficou na minha boca at√© no outro dia... t√£o forte estava.
O pote t√° l√° na¬†minha¬†pia, de molho em √°gua, detergente, bicarbonato de s√≥dio, pra¬†ver se sai o fedor de alho, carne queimada e queijo ran√ßoso. S√©rio, n√£o recomendo esse restaurante a ningu√©m. Fujam, comam burguer king mas n√£o esse macarr√£o."
738,,,"P√©ssimo atendimento. Atendentes despreparados e grossos. Nunca tem o prato penne caprese e quando tem, bem sem qualidade alguma, colocaram pessoas iniciantes para fazer e fazem de qualquer jeito. Caiu demais a qualidade e o atendimento, especialmente do buriti shopping. N√£o compro mais!"
739,,,"Pior macarrao que j√° comi na vida. Paguei 30,00 em um macarr√£o com 9 ingredientes, mas quando vc escolhe os ingredientes o atendente n√£o coloca quantidade suficiente na panela. A massa √©  mal cozida e dura e o molho de queijos √© extremamente sem gra√ßa e tamb√©m colocado em pouco quantidade de forma que a massa fica muito seca e sem tempero, muito mal preparado. Tive que colocar 3 saches de sal pra ver se melhorava mas nem assim...estou extremamente decepcionada, n√£o volto a comer nunca mais. Aqueles preparados na feira s√£o bem melhores e  mais baratos...fui na unidade do  Passeio das √°guas."
